<?xml version="1.0" encoding="UTF-8"?>
<assembly xmlns="http://maven.apache.org/plugins/maven-assembly-plugin/assembly/1.1.2"
          xmlns:xsi="http://www.w3.org/2001/XMLSchema-instance"
          xsi:schemaLocation="http://maven.apache.org/plugins/maven-assembly-plugin/assembly/1.1.2 http://maven.apache.org/xsd/assembly-1.1.2.xsd">
    <id>zip</id>
    <includeBaseDirectory>true</includeBaseDirectory>

    <formats>
        <format>zip</format>
    </formats>
    <fileSets>
        <fileSet>
            <directory>${project.basedir}/src</directory>
        </fileSet>
    </fileSets>
    <files>
        <file>
            <source> ${project.build.directory}/${project.artifactId}-${project.version}.jar</source>
            <outputDirectory>/</outputDirectory>
        </file>
    </files>
    <dependencySets>
        <dependencySet>
            <outputDirectory>lib</outputDirectory>
            <excludes>
                <exclude>${project.groupId}:${project.artifactId}:jar:*</exclude>
            </excludes>
        </dependencySet>
    </dependencySets>
</assembly>